"Method","RMSE","MAE","Bias","N_Missing"
"MICE PMM",3.73459764538483,2.95713189751685,2.68904525452988,10
"MICE CART",3.0948128087578,2.53536516936889,2.06404525452988,10
"Mean/Mode",3.28921129852398,2.88904525452988,2.88904525452988,10
"Regression",0,0,0,10
"Gower-PMM (Auto) - Placeholder",NA,NA,NA,10
